dataset_id,processed_path
000479,processed-20241217T2008
000544,processed-20241218T0619
000545,processed-20241218T0844
000546,processed-20241218T0936
000547,processed-20241218T1059
000548,processed-20241218T1216
000549,processed-20250115T2000
000550,processed-20241218T1347
000551,processed-20241218T1448
000552,processed-20241218T1636
000553,processed-20241218T1738
000554,processed-20241218T1857
000555,processed-20250115T2350
000556,processed-20241218T2134
000557,processed-20241218T2322
000558,processed-20241219T0309
000559,processed-20250116T0236
000560,processed-20241219T0914
000561,processed-20241219T1320
000562,processed-20241219T1828
000563,processed-20241219T2135
000564,processed-20241220T0014
000565,processed-20241220T0148
000566,processed-20241220T0201
000567,processed-20241220T0223
000568,processed-20241220T0319
000570,processed-20241220T0342
000573,processed-20241220T0352
000574,processed-20241220T0357
000575,processed-20250113T2344
000576,processed-20241220T0447
000577,processed-20241220T0546
000578,processed-20241220T0643
000579,processed-20250114T0613
000580,processed-20241220T1225
000581,processed-20241220T1513
000582,processed-20250306T2041
000583,processed-20250306T2048
000584,processed-20250306T2100
000585,processed-20250306T2107
000586,processed-20250306T2117
000587,processed-20250306T2135
000588,processed-20250306T2148
000610,processed-20241219T1533
000611,processed-20241219T1702
000612,processed-20241219T1838
000613,processed-20241219T2055
000614,processed-20250116T1652
000615,processed-20241220T0111
000616,processed-20241220T0401
000617,processed-20241220T0716
000618,processed-20241220T0955
000619,processed-20241220T1220
000620,processed-20241220T1236
000621,processed-20241220T1252
000622,processed-20241220T1350
000623,processed-20250110T2050
000624,processed-20241220T1636
000625,processed-20241220T1745
000626,processed-20241221T0005
000627,processed-20250111T1158
000628,processed-20241221T0705
000629,processed-20241221T0928
000630,processed-20241221T1329
000841,processed-20241221T1445
000908,processed-20250117T0314
000909,processed-20241231T0642
000910,processed-20241231T0908
000911,processed-20241231T1044
000912,processed-20241231T1257
000913,processed-20250117T0909
000914,processed-20241231T1555
000915,processed-20241231T1749
000916,processed-20241231T2012
000917,processed-20241231T2303
000918,processed-20250101T0151
000919,processed-20250111T1901
000920,processed-20250101T0927
000921,processed-20250112T0741
000922,processed-20250101T1524
000923,processed-20250101T1642
000924,processed-20250101T1853
000925,processed-20250101T2037
000926,processed-20250101T2225
000927,processed-20250112T2024
000928,processed-20250112T2123
000929,processed-20250102T0040
000930,processed-20250102T0111
000931,processed-20250102T0137
